LCD Model,Brand,Size,Type,Resolution,Brightness,Interface
B101EAN01.5,AUO,10.1,LCD,1280x800,350,MIPI
LD070WU2-SM01,LG Display,7.0,LCD,1200x1920,450,MIPI
HSD101PUW1-A00,HannStar,10.1,LCD,1920x1200,380,MIPI
B101UAN01.7 HW0A,AUO,10.1,LCD,1920x1200,400,MIPI
N080ICE-GB1 N080ICE-GB1,Innolux,8.0,LCD,800x1280,350,MIPI
LQ101R1SX01A,SHARP,10.1,LCD,2560x1600,400,MIPI
LQ055T3SX02,SHARP,5.5,LCD,1080x1920,450,MIPI
LS055T1SX01,SHARP,5.5,LCD,1080x1920,500,MIPI
LS055R1SX04,SHARP,5.5,LCD,1440x2560,450,MIPI
LQ079L1SX01,SHARP,7.9,LCD,1536x2048,460,MIPI
LS055T3SX05,SHARP,5.5,LCD,1080x1920,450,MIPI
LTL089CL02-001,Samsung,8.9,LCD,1920x1200,450,MIPI
LS059T1SX01,SHARP,5.9,LCD,1080x1920,400,MIPI
CLAA101FP05 XG,CPT,10.1,LCD,1920x1200,370,MIPI
LH154Q01-TD01,LG Display,1.54,LCD,240x240,450,MIPI
CLAA101WJ03 XG,CPT,10.1,LCD,1366x768,400,MIPI
CLAA101FP05,CPT,10.1,LCD,1920x1200,370,MIPI
LT070ME05000,JDI,7.0,LCD,1200x1920,450,MIPI
B101UAN01.E,AUO,10.1,LCD,1920x1200,400,MIPI
HSD101PUW1-D00,HannStar,10.1,LCD,1920x1200,400,MIPI
LD070WX3-SL01,LG Display,7.0,LCD,800x1280,500,MIPI
LS050T1SX01,SHARP,5.0,LCD,1080x1920,450,MIPI
LD070WX4-SM01,LG Display,7.0,LCD,800x1280,490,MIPI
LT101MB02000,JDI,10.1,LCD,1920x1200,340,MIPI
B080XAN02.0,AUO,7.9,LCD,768x1024,300,MIPI
LQ070M1SX01,SHARP,7.0,LCD,1200x1920,400,MIPI
BP070WX1-300,BOE,7.0,LCD,800x1280,,MIPI
BP101WX1-210,BOE,10.1,LCD,1280x800,330,MIPI
LS047T1SC02,SHARP,4.7,LCD,1080x1920,470,MIPI
LQ047K3SX06,SHARP,4.7,LCD,720x1280,450,MIPI
HSD088IPW1-A00,HannStar,8.8,LCD,1920x480,600,MIPI
HSD101PUW1-C00,HannStar,10.1,LCD,1920x1200,370,MIPI
LD070WX5-SM01,LG Display,7.0,LCD,900x1440,400,MIPI
H245QBN02.0,AUO,2.5,LCD,240x432,500,MIPI
N070ICE-GB1,Innolux,7I.0,LCD,800x1280,300,MIPI
HJ101IA-01F,Innolux,10.1,LCD,1280x800,350,MIPI
AMS495QA01,Samsung,5.0,OLED,960x9544,140,MIPI
HE080IA-01E,Innolux,8.0,CELL,1024x768,0,MIPI
P101DBZ-3Z1,Innolux,10.1,CELL,800x1280,0,MIPI
B101XAN02.0,AUO,10.1,LCD,1366x768,250,MIPI
CLAA080WQ05,CPT,8.0,LCD,800x1280,350,MIPI
VVX07F015M00,Panasonic,7.0,LCD,1200x1920,450,MIPI
B080UAN01.4,AUO,8.0,LCD,1200x1920,400,MIPI
CLAA070WP06 XG,CPT,7.0,LCD,800x1280,400,MIPI
HSD060CHW1-A00,HannStar,6.0,LCD,720x1280,450,MIPI
LS055R1SX03,SHARP,5.5,LCD,1440x2560,450,MIPI
TM040YDHG32,Tianma,4.0,LCD,480x800,550,MIPI
TFTMD089030,JDI,8.9,LCD,2560x1600,500,MIPI
M101NWWB R4,IVO,10.1,LCD,1280x800,300,MIPI
LQ050T1SX02,SHARP,5.0,LCD,1080x1920,460,MIPI
LS060R1SX02,SHARP,6.0,LCD,1440x2560,450,MIPI
TV097X0M-NS0,BOE,9.7,LCD,768x1024,450,MIPI
LQ050T1SX05,SHARP,5.0,LCD,1080x1920,450,MIPI
COM40H4M66ULC,ORTUSTECH,4.0,LCD,480x800,350,MIPI
LH500WF1-SD02,LG Display,5.0,LCD,1080x1920,450,MIPI
LQ101R1SX01,SHARP,10.1,LCD,2560x1600,400,MIPI
BP080WX7-100,BOE,8.0,CELL,1280x800,0,MIPI
CLAA080WQ03 XG,CPT,8.0,LCD,800x1280,400,MIPI
N070ICN-GB1,Innolux,7I.0,LCD,800x1280,300,MIPI
B070ATN02.0,AUO,7.0,LCD,600x1024,400,MIPI
LP079X01-SMAV,LG Display,7.9,LCD,768x1024,425,MIPI
N070ICE-GB2,Innolux,7I.0,LCD,800x1280,450,MIPI
HSD101PUW1-A00-0299,HannStar,10.1,CELL,1920x1200,0,MIPI
LQ055T3SX03,SHARP,5.5,LCD,1080x1920,450,MIPI
LQ055K3SX02,SHARP,5.5,LCD,720x1280,500,MIPI
P101KDA-AP1,Innolux,10.1,LCD,1200x1920,400,MIPI
TV101WXM-NL0,BOE,10.1,LCD,800x1280,300,MIPI
TV080X0M-NS0,BOE,8.0,LCD,768x1024,450,MIPI
LQ055T3SX02Z,SHARP,5.5,LCD,1080x1920,450,MIPI
H335VL01 V0,AUO,3.4,LCD,480x854,415,MIPI
HSD101PWW1-L00-0299,HannStar,10.1,CELL,1280x800,0,MIPI
AMS395GB02,Samsung,4.0,OLED,360x3640,300,MIPI
AMS395GB01,Samsung,4.0,OLED,360x3640,640,MIPI
B116XAN01.0,AUO,11.6,LCD,1366x768,700,MIPI
LTL089CL02-002,Samsung,8.9,LCD,1920x1200,450,MIPI
LTL090CL01-001,Samsung,9.0,LCD,1920x1280,400,MIPI
N070ICN-PB1,Innolux,7I.0,CELL,800x1280,0,MIPI
TFTMD070021,JDI,7.0,LCD,1200x1920,500,MIPI
LS048K3SX01,SHARP,4.8,LCD,720x1280,500,MIPI
B080XAT01.1,AUO,7.9,Assembly,768x1024,230,MIPI
HSD060FMW1-C00,HannStar,6.0,CELL,540x5960,0,MIPI
LQ047K3SX07,SHARP,4.7,LCD,720x1280,400,MIPI
P101JEA-3Z1,Innolux,10.1,CELL,1920x1200,0,MIPI
B080UAN01.2,AUO,8.0,LCD,1200x1920,400,MIPI
HE080IA-06B,Innolux,8.0,CELL,800x1280,0,MIPI
BP101WX1-400,BOE,10.1,LCD,1280x800,350,MIPI
VVX07F023B00,Panasonic,7.0,LCD,1200x1920,430,MIPI
HSD050CHW1-A00,HannStar,5.0,LCD,720x1280,450,MIPI
H497TLB01.0,AUO,5.0,OLED,720x1280,250,MIPI
CLAA080FP01,CPT,8.0,LCD,1200x1920,390,MIPI
M070SW46 R0,IVO,7.0,LCD,1200x1920,380,MIPI
E555HBM2,EDO,5.5,OLED,720x1280,300,MIPI
VVX11F037N00,Panasonic,11.0,LCD,1920x1280,450,MIPI
N080ICE-GB0 Rev.C1,Innolux,8.0,LCD,800x1280,400,MIPI
B101EAN01.7,AUO,10.1,LCD,1280x800,400,MIPI
TV101WUM-NH0,BOE,10.1,LCD,1200x1920,400,MIPI
BP096WX1-100,BOE,9.6,LCD,800x1280,350,MIPI
TV070WSM-TL0,BOE,7.0,Assembly,600x1024,300,MIPI
HSD060BHW1-P00,HannStar,6.0,CELL,720x1280,0,MIPI
HSD088IPW1-A00-0299,HannStar,8.8,CELL,1920x480,0,MIPI
TV101WUM-NS0,BOE,10.1,LCD,1200x1920,450,MIPI
TFTMD089061,JDI,8.9,LCD,2560x1600,500,MIPI
COM43H4M64ULC,ORTUSTECH,4.3,LCD,480x800,340,MIPI
CLAA101FP01,CPT,10.1,LCD,1920x1200,700,MIPI
CLAA089FP02,CPT,8.9,LCD,1920x1200,450,MIPI
LS040B3SX01,SHARP,4.0,LCD,640x960,450,MIPI
B116XAN03.1 HW0A,AUO,11.6,LCD,1366x768,400,MIPI
B080XAN01.0,AUO,7.9,LCD,768x1024,400,MIPI
VVX10F008B00,Panasonic,10.1,LCD,1920x1200,385,MIPI
VVX10F004B00,Panasonic,10.1,LCD,1920x1200,600,MIPI
CLAA080WQ02 XG,CPT,8.0,LCD,800x1280,400,MIPI
CLAA080WQ04 XG,CPT,8.0,LCD,800x1280,400,MIPI
B101EAN01.3,AUO,10.1,LCD,1280x800,350,MIPI
LS063K3SX01,SHARP,6.3,LCD,720x1280,450,MIPI
LQ047K3SX08,SHARP,4.7,LCD,720x1280,400,MIPI
P070ACG-AZ1,Innolux,7.0,LCD,600x1024,350,MIPI
P070ACZ-3Z1,Innolux,7.0,CELL,600x1024,0,MIPI
TM040YDZ01,Tianma,4.0,LCD,480x800,350,MIPI
TV080WUM-NL0,BOE,8.0,LCD,1200x1920,390,MIPI
P080KDZ-3Z1,Innolux,8.0,CELL,1200x1920,0,MIPI
BP080WX1-200,BOE,8.0,LCD,800x1280,300,MIPI
B080UAN01.3,AUO,8.0,LCD,1200x1920,430,MIPI
B101UAN01.7 HW1A,AUO,10.1,LCD,1920x1200,380,MIPI
CLAA070WP04XG,CPT,7.0,LCD,800x1280,450,MIPI
LQ079L1SX02,SHARP,7.9,LCD,1536x2048,450,MIPI
AMS529BY01,Samsung,5.3,Assembly,1080x1920,350,MIPI
B080EAN02.2,AUO,8.0,LCD,800x1280,350,MIPI
N070ICE-G02 Rev.C3,Innolux,7.0,LCD,800x1280,300,MIPI
N080JCE-G41 Rev.A0,Innolux,8.0,LCD,1200x1920,400,MIPI
CLAA080WQ08 XN,CPT,8.0,LCD,800x1280,400,MIPI
CLAA101FP01 XG,CPT,10.1,LCD,1920x1200,700,MIPI
LS050T1SX16,SHARP,5.0,LCD,1080x1920,460,MIPI
LS050T1SX12(K),SHARP,5.0,LCD,1080x1920,460,MIPI
H546DLB01.1,AUO,5.5,OLED,1080x1920,350,MIPI
LPM070W425B,JDI,7.0,LCD,1200x1920,450,MIPI
CLAA101WR61F,CPT,10.1,LCD,800x1280,350,MIPI
LS055R1SX08,SHARP,5.5,LCD,1440x2560,450,MIPI
LH400WS2-SD03,LG Display,4.0,Assembly,640x1136,,MIPI
N080ICE-GB0 Rev.A1,Innolux,8.0,LCD,800x1280,400,MIPI
N080ICE-GB0 Rev.A0,Innolux,8.0,LCD,800x1280,400,MIPI
H139BLN01.2,AUO,1.39,OLED,00x400,300,MIPI
TV096WXM-NS0,BOE,9.6,LCD,800x1280,450,MIPI
LD080WX2-SMN1,LG Display,8.0,LCD,800x1280,330,MIPI
B080UAN02.0,AUO,8.0,LCD,1200x1920,400,MIPI
B101UAN07.0,AUO,10.1,LCD,1200x1920,400,MIPI
B080XAN03.1,AUO,7.9,LCD,768x1024,300,MIPI
LS050T1SX12(G),SHARP,5.0,LCD,1080x1920,460,MIPI
COM43H4N10ULC,ORTUSTECH,4.3,LCD,480x800,300,MIPI
COM43H4N09ULC,ORTUSTECH,4.3,LCD,480x800,340,MIPI
H381DLN01.0,AUO,3.8,OLED,1080x1200,100,MIPI
H345VW01 V0,AUO,3.5,LCD,480x800,320,MIPI
H139BLN01.0,AUO,1.39,OLED,00x400,350,MIPI
B101QAN01.0,AUO,10.1,LCD,1600x2560,400,MIPI
LQ055T3SX05,SHARP,5.5,LCD,1080x1920,400,MIPI
H154QN01 V2,AUO,1.54,LCD,240x240,500,MIPI
H429AAN01.1,AUO,4.3,LCD,540x960,,MIPI
LD089WU1-SM01,LG Display,8.9,LCD,1920x1200,360,MIPI
LP079X01-SMA1,LG Display,7.9,LCD,768x1024,425,MIPI
ZJ070NA-01C,Innolux,7.0,LCD,1024x600,300,MIPI
VVX07H005A10,Panasonic,7.0,LCD,800x1280,450,MIPI
AMS395GB04,Samsung,4.0,OLED,360x3640,300,MIPI
TX11D101VM0EAA,KOE,4.3,LCD,480x800,850,MIPI
AMS767KC04-1,Samsung,7.7,Assembly,1280x800,250,MIPI
LTL090CL01-W01,Samsung,9.0,LCD,1920x1280,400,MIPI
VVX09F006A00,Panasonic,8.9,LCD,1920x1200,430,MIPI
LD070WX6-SM01,LG Display,7.0,LCD,800x1280,450,MIPI
AMS495QA04,Samsung,5.0,OLED,960x9544,140,MIPI
COM48H4M87ULC,ORTUSTECH,4.8,LCD,720x1280,300,MIPI
LTL090CL01-W02,Samsung,9.0,LCD,1920x1280,400,MIPI
N101BCG-GK1,Innolux,10.1,LCD,1366x768,400,MIPI
B080EAN02.0,AUO,8.0,LCD,800x1280,350,MIPI
BP070WS1-400,BOE,7.0,LCD,1024x600,350,MIPI
LQ101R1SX03,SHARP,10.1,LCD,2560x1600,400,MIPI
N080ICE-GB0 Rev.B1,Innolux,8.0,LCD,800x1280,400,MIPI
LS052K3SY54S,SHARP,5.2,LCD,720x1280,500,MIPI
CLAA101WJ01XG,CPT,10.1,LCD,1366x768,450,MIPI
LT070ME0500B,JDI,7.0,LCD,1200x1920,450,MIPI
TM046JDHP01-00,Tianma,4.7,LCD,720x1280,400,MIPI
N070ICE-HB1 N070ICE-HB1,Innolux,7I.0,CELL,800x1280,0,MIPI
AMS317PN01,Samsung,3.2,OLED,360x3640,300,MIPI
B070EAN01.6,AUO,7.0,LCD,800x1280,400,MIPI
CLAA070WP0B XN,CPT,7.0,LCD,800x1280,380,MIPI
CLAA080WQ02 XN,CPT,8.0,LCD,800x1280,400,MIPI
BP101WX1-209,BOE,10.1,LCD,1280x800,330,MIPI
X163QLN01,AUO,1.63,OLED,20x320,,MIPI
B080XAN03.0,AUO,7.9,CELL,768x1024,0,MIPI
A070PAN01.0,AUO,7.0,LCD,900x1440,450,MIPI
CLAA101FP08,CPT,10.1,LCD,1920x1200,390,MIPI
LS050T1SX04,SHARP,5.0,LCD,1080x1920,400,MIPI
HJ070IA-04K I,Innolux,7.0,LCD,800x1280,450,MIPI
PJ035IA-02P,Innolux,3.5,LCD,320x480,300,MIPI
H160QVN01.0,AUO,1.6,CELL,320x3320,0,MIPI
H139BLN01.1,AUO,1.39,OLED,400x400,300,MIPI
CLAA101WJ05,CPT,10.1,LCD,1366x768,400,MIPI
P089DCZ-3A1,Innolux,8.9,CELL,800x1280,0,MIPI
H545QAN01.0,AUO,5.5,CELL,1440x2560,0,MIPI
DLC0700WZG,Other,7.0,LCD,1200x1920,350,MIPI
LH470WX6-SD01,LG Display,4.7,Assembly,750x1334,550,MIPI
LH550WF4-SD01,LG Display,5.5,Assembly,1080x1920,550,MIPI
P060DDZ-ZZ1,Innolux,6.0,CELL,800x1280,0,MIPI
TM050JDHG31,Tianma,5.0,LCD,720x1280,430,MIPI
CLAA080WQ65 XG,CPT,8.0,LCD,800x1280,400,MIPI
H497TLB01.4,AUO,5.0,OLED,720x1280,275,MIPI
B101UAN01.7 HW2A,AUO,10.1,LCD,1920x1200,380,MIPI
LPM013M091A,JDI,1.34,LCD,320x300,10,MIPI
COM48H4N15ULC,ORTUSTECH,4.8,LCD,720x1280,300,MIPI
LS055D1SX04,SHARP,5.5,LCD,2160x3840,450,MIPI
TV080WXB-NV0,BOE,8.0,CELL,800x1280,0,MIPI
CLAA101WR61 XG,CPT,10.1,LCD,800x1280,350,MIPI
CLAA070WP06G XG,CPT,7.0,LCD,800x1280,400,MIPI
LS029B3SX02,SHARP,2.9,LCD,1440x1440,300,MIPI
TV101WXM-NU4,BOE,10.1,LCD,800x1280,400,MIPI
LS029B3SX01,SHARP,2.9,LCD,1440x1440,300,MIPI
COM48H4N22ULC,ORTUSTECH,4.8,LCD,720x1280,300,MIPI
H546DLB01.2,AUO,5.5,OLED,1080x1920,100,MIPI
LD101WX3-SMP1,LG Display,10.1,LCD,800x1280,400,MIPI
LS060R1SX01,SHARP,6.0,LCD,1440x2560,420,MIPI
TV101WXM-NP0,BOE,10.1,LCD,1280x800,330,MIPI
TM050JVZG28,Tianma,5.0,Assembly,720x1280,300,MIPI
LS055D1SX05(G),SHARP,5.5,LCD,2160x3840,450,MIPI
LS052R1SX04,SHARP,5.2,LCD,1440x2560,450,MIPI
N080JCE-G41 Rev.A1,Innolux,8.0,LCD,1200x1920,400,MIPI
TXW350013C1,White Brand,3.5,LCD,320x480,,MIPI
TXW350015C0,White Brand,3.5,LCD,320x480,450,MIPI
TXW350021C0,White Brand,3.5,LCD,320x480,,MIPI
TXW397016C0,White Brand,3.9,LCD,480x800,,MIPI
TXW397013B2,White Brand,4.0,LCD,480x800,,MIPI
TXW450008S1,White Brand,4.5,LCD,480x854,,MIPI
TXW500031B0,White Brand,5.0,LCD,720x1280,,MIPI
TXW500032B1,White Brand,5.0,LCD,720x1280,,MIPI
TXW600001I0,White Brand,6.0,LCD,540x960,450,MIPI
TXW550001B0,White Brand,5.5,LCD,720x1280,,MIPI
TXW700001S0,White Brand,7.0,LCD,720x1280,,MIPI
TXW470002B0,White Brand,4.7,LCD,720x1280,,MIPI
TXW700005B0,White Brand,7.0,LCD,800x1280,300,MIPI
H428VL01 V0,AUO,4.3,LCD,480x854,550,MIPI
LH430WV1-SD02,LG Display,4.3,LCD,480x800,600,MIPI
LS040T8LX05,SHARP,4.0,LCD,480x854,400,MIPI
LH450WX1-SD01,LG Display,4.5,LCD,720x1280,500,MIPI
HV080X01-100,HYDIS,8.0,LCD,768x1024,450,MIPI
ACX435AKN-7,SONY,4.5,LCD,800x1280,550,MIPI
AMS465GS16-1,Samsung,4.7,Assembly,720x1280,300,MIPI
LS047K1SX02,SHARP,4.7,LCD,720x1280,450,MIPI
LS045K3SX05,SHARP,4.5,LCD,720x1280,330,MIPI
B079XAN02.0,AUO,7.9,LCD,768x1024,300,MIPI
CLAN045LB31 2AX,CPT,4.5,CELL,540x5960,0,MIPI
H429AL02.0,AUO,4.3,LCD,540x960,,MIPI
VVX07H005A90,Panasonic,7.0,LCD,800x1280,450,MIPI
A070PAN01.0 CELL,AUO,7.0,CELL,900x1440,0,MIPI
ACX450AKN-7,JDI,5.0,LCD,1080x1920,485,MIPI
AMS465GS53,Samsung,4.7,Assembly,720x1280,300,MIPI
HE070IA-04M,Innolux,7.0,CELL,800x1280,0,MIPI
LSL080AL02-S01,Samsung,8.0,CELL,800x1280,0,MIPI
VVX07H005A00,Panasonic,7.0,LCD,800x1280,450,MIPI
TX13D201VM0AAA,KOE,5.2,LCD,1080x1920,500,MIPI
VVX10F002A00,Panasonic,10.1,LCD,1920x1200,450,MIPI
BP080WX1-100,BOE,8.0,LCD,1280x800,,MIPI
BP101WX1-207,BOE,10.1,LCD,1280x800,330,MIPI
H572DAN01.2,AUO,5.7,CELL,1080x1920,0,MIPI
B080EAN01.1,AUO,8.0,LCD,800x1280,400,MIPI
B080XAN03.1 CELL,AUO,7.9,CELL,768x1024,0,MIPI
LH520WF1-SD01,LG Display,5.2,Assembly,1080x1920,380,MIPI
N101ICE-G61,Innolux,10.1,LCD,1280x800,350,MIPI
LS063K3SX54,SHARP,6.3,LCD,720x1280,450,MIPI
N101ICE-G62,Innolux,10.1,LCD,1280x800,350,MIPI
LPM070W425D,JDI,7.0,CELL,1200x1920,0,MIPI
LSL080AL02-002,Samsung,8.0,CELL,800x1280,0,MIPI
B070EAN01.4,AUO,7.0,LCD,800x1280,350,MIPI
PJ101IA-01A,Innolux,10.1,LCD,1280x800,450,MIPI
LSL080AL02-D01,Samsung,8.0,CELL,800x1280,0,MIPI
LP070WU2-SM01,LG Display,7.0,LCD,1200x1920,380,MIPI
B101UAN01.7 CELL,AUO,10.1,CELL,1920x1200,0,MIPI
TM050JDHP02,Tianma,5.0,LCD,720x1280,420,MIPI
B080XAN02.0 CELL,AUO,7.9,CELL,768x1024,0,MIPI
LH400WS1-SD03,LG Display,4.0,LCD,640x1136,580,MIPI
VVX10F008B90,Panasonic,10.1,LCD,1920x1200,385,MIPI
CLAB080WQ06,CPT,8.0,CELL,800x1280,0,MIPI
LSL080AL02-Y01,Samsung,8.0,CELL,800x1280,0,MIPI
TPF0702002N,JDI,7.0,CELL,1200x1920,0,MIPI
BP096WX7-100,BOE,9.6,CELL,800x1280,0,MIPI
B080EAN02.1,AUO,8.0,LCD,800x1280,350,MIPI
LTL070AL03,Samsung,7.0,LCD,800x1280,450,MIPI
VVX10F034N00,Panasonic,10.1,LCD,1920x1200,400,MIPI
B080EAN01.4,AUO,8.0,LCD,800x1280,400,MIPI
N080ICP-G01,Innolux,8.0,Assembly,800x1280,380,MIPI
N070ICE-G02 Rev.C1,Innolux,7.0,LCD,800x1280,400,MIPI
BP070HD1-100,BOE,7.0,LCD,720x1280,450,MIPI
CLAA089WA02 XG,CPT,8.9,LCD,800x1280,400,MIPI
TPM0501021N,JDI,5.0,LCD,1080x1920,450,MIPI
H163QLN01.1,AUO,1.63,OLED,320x320,300,MIPI
LQ070M1SX02,SHARP,7.0,LCD,1200x1920,400,MIPI
TPT0501001L,JDI,5.0,Assembly,1080x1920,430,MIPI
LS050T1SX54,SHARP,5.0,LCD,1080x1920,480,MIPI
AMS529BY03,Samsung,5.3,Assembly,1080x1920,350,MIPI
LS063R1SX01,SHARP,6.3,LCD,1440x2560,400,MIPI
AMS499QP89-0,Samsung,5.0,Assembly,1080x1920,300,MIPI
TM040YDH01,Tianma,4.0,LCD,480x800,300,MIPI
B080EAB02.2 HW1A,AUO,8.0,Assembly,800x1280,360,MIPI
LS050T1SC01S,SHARP,5.0,LCD,1080x1920,500,MIPI
CLAN089WA02 XN,CPT,8.9,CELL,800x1280,0,MIPI
CLAA055WD43,CPT,5.5,LCD,720x1280,450,MIPI
CLAA070WQ62,CPT,7.0,LCD,800x1280,350,MIPI
LPM055A138A,JDI,5.5,LCD,1440x2560,450,MIPI
VVX10F002A90,Panasonic,10.1,LCD,1920x1200,450,MIPI
TM040YVZG31,Tianma,4.0,Assembly,480x800,500,MIPI
TM016XDHC01,Tianma,1.6,LCD,256x320,400,MIPI
CLAN101FP05 XG,CPT,10.1,CELL,1920x1200,0,MIPI
LS055T1SX10,SHARP,5.5,LCD,1080x1920,450,MIPI
TPM0551011N,JDI,5.5,LCD,1080x1920,450,MIPI
LPM050A094B,JDI,5.0,LCD,1080x1920,,MIPI
LPM052A222A,JDI,5.2,LCD,1440x2560,470,MIPI
TV070WSM-TH0,BOE,7.0,Assembly,600x1024,300,MIPI
TV070WSM-TU0,BOE,7.0,Assembly,600x1024,250,MIPI
ZJ015PD-01C,Innolux,1.5,LCD,320x320,270,MIPI
ZJ015PZ-01A,Innolux,1.5,LCD,360x360,200,MIPI
B101UAN01.7 HW3A,AUO,10.1,LCD,1920x1200,400,MIPI
LS057T1SX01,SHARP,5.7,LCD,1080x1920,460,MIPI
P070ACB-DB2,Innolux,7.0,LCD,600x1024,350,MIPI
P070ACB-DB1,Innolux,7.0,LCD,600x1024,300,MIPI
LD1010WX3-SMP1,LG Display,10.1,LCD,800x1280,450,MIPI
TM046JDHP01-30,Tianma,4.7,LCD,720x1280,400,MIPI
DLC0400KZG,Other,4.0,LCD,640x1136,580,MIPI
H163QLN01.0,AUO,1.63,OLED,20x320,300,MIPI
CLAN070NQ06,CPT,7.0,CELL,1024x600,0,MIPI
LSL097XL01-001,Samsung,9.7,CELL,768x1024,0,MIPI
H520DAN01.1,AUO,5.2,CELL,1080x1920,0,MIPI
H499TAN05.0,AUO,5.0,CELL,720x1280,0,MIPI
CLAN080WQ65 XG,CPT,8.0,CELL,800x1280,0,MIPI
B116XAN03.1 HW1A,AUO,11.6,LCD,1366x768,400,MIPI
LSL080XL01-001,Samsung,8.0,CELL,768x1024,0,MIPI
B080QAN03.4,AUO,7.9,LCD,1536x2048,400,MIPI
BP101WX1-600,BOE,10.1,LCD,1280x800,400,MIPI
CLAT101WR61 XG,CPT,10.1,Assembly,800x1280,350,MIPI
B116XAN02.5 CELL,AUO,11.6,CELL,1366x768,0,MIPI
HE101IA-01R I,Innolux,10.1,CELL,1280x800,0,MIPI
TV101WXM-NL1,BOE,10.1,LCD,800x1280,350,MIPI
LQ050T1SX05(G),SHARP,5.0,LCD,1080x1920,450,MIPI
P101DCA-AZ0,Innolux,10.1,LCD,800x1280,500,MIPI
H546DAN07.3,AUO,5.5,CELL,1080x1920,0,MIPI
LS050K3SX06A,SHARP,5.0,CELL,720x1280,0,MIPI
LS055T3SX13,SHARP,5.5,LCD,1080x1920,450,MIPI
LS052T3SX12,SHARP,5.2,LCD,1080x1920,500,MIPI
NDS07012001920,SEBO,7.S0,LCD,1200x1920,450,MIPI
TFT08925601600,SEBO,8.9,LCD,2560x1600,500,MIPI
CLAT080WQ65,CPT,8.0,Assembly,800x1280,360,MIPI
CLAB080WQ05 XN,CPT,8.0,CELL,800x1280,0,MIPI
TV080WXM-NL0,BOE,8.0,LCD,800x1280,350,MIPI
TM046JDHG01,Tianma,4.7,LCD,720x1280,500,MIPI
LS055T3SX09,SHARP,5.5,LCD,1080x1920,450,MIPI
TPF0702001N,JDI,7.0,CELL,1200x1920,0,MIPI
TM050JDHG33,Tianma,5.0,LCD,720x1280,600,MIPI
LS055T3SX03,SHARP,5.5,CELL,1080x1920,0,MIPI
P068HFB-DK1,Innolux,6.8,Assembly,1080x1920,350,MIPI
P080LDN-DB1,Innolux,8.0,Assembly,1200x1920,290,MIPI
P080LDN-DB2,Innolux,8.0,Assembly,1200x1920,290,MIPI
LH550QH2-SH02,LG Display,5.5,CELL,1440x2560,0,MIPI
VVF07H158D00,Panasonic,7.0,CELL,800x1280,,MIPI
TV080WXM-NS0,BOE,8.0,LCD,800x1280,450,MIPI
LH530QH1-SD01,LG Display,5.3,Assembly,1440x2560,500,MIPI
BV050HDM-N00,BOE,5.0,LCD,720x1280,350,MIPI
B101UAN07.0 CELL,AUO,10.1,CELL,1200x1920,0,MIPI
CLAA089WA01 XG,CPT,8.9,LCD,800x1280,400,MIPI
LQ050T1SX02(G),SHARP,5.0,LCD,1080x1920,460,MIPI
TV080WUM-AD0,BOE,8.0,Assembly,1200x1920,300,MIPI
LS060T1SX01,SHARP,6.0,LCD,1080x1920,450,MIPI
LS055R3SX01 (G),SHARP,5.5,LCD,1536x2560,450,MIPI
TV080WUM-AK0,BOE,8.0,Assembly,1200x1920,350,MIPI
H145ALN01.0,AUO,1.45,OLED,80x280,300,MIPI
H546DAN09.1,AUO,5.5,CELL,1080x1920,0,MIPI
PJ055IA-14C,Innolux,5.5,LCD,1080x1920,450,MIPI
TM055JVZG02,Tianma,5.5,Assembly,720x1280,350,MIPI
LQ037T3SX01,SHARP,3.7,LCD,480x854,520,MIPI
TV070WXM-TU0,BOE,7.0,LCD,800x1280,350,MIPI
LS050T1SX18,SHARP,5.0,LCD,1080x1920,480,MIPI
LQ070M3SX03,SHARP,7.0,LCD,1200x1920,500,MIPI
TV080WXM-NW0,BOE,8.0,LCD,800x1280,360,MIPI
TV080WXB-NS0,BOE,8.0,CELL,800x1280,0,MIPI
P101KDA-AK0,Innolux,10.1,LCD,1200x1920,400,MIPI
AMS596DU08-0,Samsung,6.0,Assembly,1440x2560,350,MIPI
B101EAN02.0,AUO,10.1,LCD,800x1280,400,MIPI
M800FBM1.A,EDO,8.0,OLED,1080x1920,400,MIPI
AMS546KD09-0,Samsung,5.5,,1440x2560,390,MIPI
H381DLN01.2,AUO,3.8,OLED,1080x1200,100,MIPI
LS044K3SX01,SHARP,4.4,LCD,800x1280,450,MIPI
LS055T1SX13,SHARP,5.5,LCD,1080x1920,450,MIPI
BV055HDM-T00,BOE,5.5,,720x1280,,MIPI
BV050SQM-N00-390C,BOE,5.0,LCD,720x1280,500,MIPI
TL014XXXA01,White Brand,1.4,OLED,400x4400,300,MIPI
PZ024XDHG01,White Brand,2.4,LCD,320x320,600,MIPI
TL068HWX02,White Brand,6.8,LCD,480x1280,550,MIPI
PZ022AD-01,White Brand,2.1,LCD,320x320,560,MIPI
TM050JDHN19-02,Tianma,5.0,Assembly,720x1280,450,MIPI
LH350H01-FD01,LG Display,3.5,LCD,320x480,450,MIPI
LS030T3DW01,SHARP,3.0,LCD,,450,MIPI
LH350H01-FD01-A41,LG Display,3.5,LCD,320x480,450,MIPI
LB050WV1-SD01,LG Display,5.0,LCD,480x800,500,MIPI
LH350H02-FD02,LG Display,3.5,LCD,320x480,450,MIPI
LH350WS1-SD01,LG Display,3.5,LCD,640x960,500,MIPI
H430VAN01.0,AUO,4.3,LCD,480x800,420,MIPI
35WVF2H,SII,3.5,LCD,480x800,300,MIPI
A050VW02 V0,AUO,5.0,LCD,480x800,450,MIPI
LH430WV2-SD01,LG Display,4.3,LCD,480x800,500,MIPI
H354VL02 V0,AUO,3.5,LCD,640x960,500,MIPI
TM040YDHP05,Tianma,4.0,LCD,480x800,350,MIPI
AMS529HA01,Samsung,5.3,OLED,800x1280,280,MIPI
AMS465GS01,Samsung,4.7,OLED,720x1280,300,MIPI
AMS767KC06,Samsung,7.7,OLED,1280x800,250,MIPI
HV070WX1-1E0,HYDIS,7.0,LCD,800x1280,450,MIPI
HV089WU1-1E0,HYDIS,8.9,LCD,1920x1200,450,MIPI
TX13D100VM0EAA,KOE,5.0,LCD,768x1024,650,MIPI
COM48H4M70ULX,ORTUSTECH,4.8,LCD,720x1280,500,MIPI
CLAA070WP02,CPT,7.0,LCD,800x1280,450,MIPI
IPS7201280-1-E,Other,4.5,LCD,720x1280,400,MIPI
TFT7201280-3-E,Other,4.7,LCD,720x1280,,MIPI
BTL434880-W570L,BOE,4.3,LCD,480x800,330,MIPI
CLAA045WA31XW,CPT,4.5,LCD,720x1280,300,MIPI
LH350WS1-SD02,LG Display,3.5,LCD,640x960,550,MIPI
LS035B3SX01,SHARP,3.5,LCD,640x960,,MIPI
H354VL01 V0,AUO,3.5,LCD,640x960,520,MIPI
H367VL01 V2,AUO,3.7,LCD,480x854,350,MIPI
LH400WV3-SD02,LG Display,4.0,LCD,480x800,700,MIPI
EJ070NA-01M,Innolux,7.0,LCD,1024x600,250,MIPI
LS047K1SX01K,SHARP,4.7,LCD,720x1280,450,MIPI
TFT7201280-4-E,Other,4.3,LCD,720x1280,350,MIPI
IPS7201280-12-E,Other,5.0,LCD,720x1280,,MIPI
LS047K1SX01L,SHARP,4.7,LCD,720x1280,450,MIPI
PJ045IC-01F,Innolux,4.5,LCD,720x1280,380,MIPI
TFT7201280-8-E,Other,4.7,LCD,720x1280,390,MIPI
B079XAN01.0,AUO,7.9,LCD,768x1024,400,MIPI
BTL505496-W619L,BOE,5.0,LCD,540x960,,MIPI
IPS1P6388-E,Other,4.0,LCD,480x800,,MIPI
TFT19201200-1-E,Other,10.1,LCD,1920x1200,450,MIPI
TFT8001280-1-E,Other,7.0,LCD,800x1280,450,MIPI
LTL089CL02-W01,Samsung,8.9,LCD,1920x1200,450,MIPI
BTL507212-W575L,BOE,5.0,LCD,720x1280,,MIPI
IPS7201280-9-E,Other,5.0,LCD,720x1280,420,MIPI
BTL434880-W539L,BOE,4.3,LCD,480x800,320,MIPI
LS040T3SW01,SHARP,4.0,LCD,540x960,515,MIPI
LSL080AL01-001,Samsung,8.0,CELL,1280x800,0,MIPI
LP079X01-SMA7,LG Display,7.9,LCD,768x1024,425,MIPI
LH467WX1-SD02,LG Display,4.7,Assembly,768x1280,470,MIPI
H446TL01 V0,AUO,4.5,LCD,720x1280,470,MIPI
LH550WF1-SD01,LG Display,5.5,LCD,1080x1920,450,MIPI
LH400WV3-SD05,LG Display,4.0,LCD,480x800,700,MIPI
TM047JDHP01,Tianma,4.7,LCD,720x1280,400,MIPI
LH467WX1-SD10,LG Display,4.7,LCD,768x1280,480,MIPI
LS047K1SX01F,SHARP,4.7,LCD,720x1280,450,MIPI
TM045XDHP03,Tianma,4.5,LCD,540x960,400,MIPI
TM045XDHP05,Tianma,4.5,LCD,540x960,400,MIPI
TM045XDHP04,Tianma,4.5,LCD,540x960,400,MIPI
TM045YDH05,Tianma,4.5,LCD,480x854,420,MIPI
TM045YDH02,Tianma,4.5,LCD,480x854,400,MIPI
TM045YDHP01,Tianma,4.5,LCD,480x854,400,MIPI
TM045XDZP08,Tianma,4.5,LCD,540x960,350,MIPI
AMS470GS16-1,Samsung,4.7,Assembly,720x1280,300,MIPI
BTL455496-W613L,BOE,4.5,LCD,540x960,400,MIPI
ACX450AKM-7,JDI,5.0,LCD,1080x1920,485,MIPI
ACX443AKM-7,JDI,5.0,LCD,720x1280,500,MIPI
H347QVN02.0,AUO,3.5,LCD,320x480,430,MIPI
BTL504885-W705L,BOE,5.0,LCD,480x854,400,MIPI
TM045YDZA26-00,Tianma,4.5,LCD,480x854,350,MIPI
TM040YVH01,Tianma,4.0,Assembly,480x800,310,MIPI
LH500WF1-SD01,LG Display,5.0,LCD,1080x1920,400,MIPI
EJ070IA-04A,Innolux,7.0,LCD,800x1280,450,MIPI
LH450WX3-SD01,LG Display,4.5,LCD,720x1280,500,MIPI
LP079X01-SMA2,LG Display,7.9,LCD,768x1024,425,MIPI
HV070WX1-1E1,HYDIS,7.0,LCD,800x1280,450,MIPI
TM060JDSP01-00,Tianma,6.0,LCD,720x1280,400,MIPI
LS064T3SX02,SHARP,6.4,LCD,1080x1920,420,MIPI
LS043K1SX02,SHARP,4.3,LCD,720x1280,400,MIPI
VVX10F004B90,Panasonic,10.1,LCD,1920x1200,600,MIPI
FJ045IC-01E,Innolux,4.5,LCD,720x1280,380,MIPI
FJ050IC-01B,Innolux,5.0,LCD,720x1280,350,MIPI
LT043MDY5000,TOSHIBA,4.3,LCD,720x1280,500,MIPI
ACX442AKM-7,SONY,4.7,LCD,720x1280,450,MIPI
BTL504885-W708L,BOE,5.0,LCD,480x854,400,MIPI
AMS429QC12,Samsung,4.3,OLED,540x5960,300,MIPI
LS035B3UA02Z,SHARP,3.5,LCD,640x960,450,MIPI
LS026Q7UX01,SHARP,2.6,LCD,320x240,300,MIPI
LT044MDW7000,TOSHIBA,4.5,LCD,720x1280,500,MIPI
PJ045IA-01D,Innolux,4.5,LCD,540x960,400,MIPI
PJ045IA-02B,Innolux,4.5,LCD,480x854,400,MIPI
VVX07H005B00,Panasonic,7.0,LCD,800x1280,450,MIPI
LTL089CL02-W02,Samsung,8.9,LCD,1920x1200,450,MIPI
CLAA070WP04,CPT,7.0,LCD,800x1280,450,MIPI
B080EAN01.0,AUO,8.0,LCD,800x1280,400,MIPI
B080EAN01.2,AUO,8.0,LCD,800x1280,400,MIPI
B080UAN01.0,AUO,8.0,LCD,1200x1920,350,MIPI
AMS477GV07,Samsung,4.8,Assembly,720x1280,300,MIPI
AMS465GS45,Samsung,4.7,,720x1280,300,MIPI
LH500WX1-SD03,LG Display,5.0,LCD,720x1280,450,MIPI
H466TAN02.0,AUO,4.7,LCD,720x1280,400,MIPI
H572TAN01.0,AUO,5.7,CELL,720x1280,0,MIPI
H572DAN01.0,AUO,5.7,CELL,1080x1920,0,MIPI
H427TVN01.0,AUO,4.3,LCD,720x1280,,MIPI
PD043IC-01C,Innolux,4.3,LCD,720x1280,350,MIPI
TM059YDH04,Tianma,5.9,LCD,480x800,330,MIPI
N068HSE-GB1,Innolux,6.8,LCD,1080x1920,400,MIPI
H466TAN01.0,AUO,4.7,LCD,720x1280,400,MIPI
TM045YDH27,Tianma,4.5,LCD,480x854,280,MIPI
BF057HDM-100,BOE,5.7,LCD,720x1280,430,MIPI
GPM1368A0,Giantplus,5.4,CELL,720x1280,0,MIPI
LS043T1LX01A,SHARP,4.3,LCD,540x960,500,MIPI
B101UAN01.3,AUO,10.1,CELL,1920x1200,0,MIPI
H499TLB01 V0,AUO,5.0,OLED,720x1280,250,MIPI
LD070WU1-SM01,LG Display,7.0,LCD,1200x1920,,MIPI
ZJ070NA-01D,Innolux,7.0,LCD,1024x600,300,MIPI
LAM055A132A,JDI,5.5,LCD,720x1280,,MIPI
H598QAN02.0,AUO,6.0,CELL,1440x2560,0,MIPI
DX12D102VM0EAA,JDI,4.7,LCD,720x1280,550,MIPI
BTL507212-W677L,BOE,5.0,LCD,720x1280,450,MIPI
TM046XDH03,Tianma,4.7,LCD,540x960,450,MIPI
TM047YDH01,Tianma,4.7,LCD,480x854,350,MIPI
TM050YDSP01,Tianma,5.0,LCD,480x854,400,MIPI
TM050XDWA01,Tianma,5.0,LCD,540x960,400,MIPI
TM050JDHP01,Tianma,5.0,LCD,720x1280,500,MIPI
TM050XDHP01,Tianma,5.0,LCD,540x960,400,MIPI
TL050VDXP01,Tianma,5.0,LCD,1080x1920,500,MIPI
TL045JDXP01,Tianma,4.5,LCD,720x1280,500,MIPI
TL049JDXP01,Tianma,5.0,LCD,720x1280,500,MIPI
TL057VDXP01,Tianma,5.7,LCD,1080x1920,500,MIPI
TM057JDHP01,Tianma,5.7,LCD,720x1280,420,MIPI
TM055YDH01,Tianma,5.5,LCD,480x854,350,MIPI
TM053XDH01,Tianma,5.3,LCD,540x960,350,MIPI
TM047XDHP02,Tianma,4.7,LCD,540x960,400,MIPI
TM040YDHP42,Tianma,4.0,LCD,480x800,350,MIPI
TM045XDH01,Tianma,4.5,LCD,540x960,380,MIPI
TM045XDHP02,Tianma,4.5,LCD,540x960,400,MIPI
B070EAN01.0,AUO,7.0,LCD,800x1280,350,MIPI
B079XAT02.0,AUO,7.9,Assembly,768x1024,250,MIPI
AMS520BQ04-0,Samsung,5.2,Assembly,1080x1920,350,MIPI
TL055VDXP01,Tianma,5.5,LCD,1080x1920,450,MIPI
LH400WS1-SD01,LG Display,4.0,LCD,640x1136,,MIPI
LH400WS1-SD04,LG Display,4.0,LCD,640x1136,,MIPI
LH600QH1-SD01,LG Display,6.0,LCD,1440x2560,450,MIPI
COM43H4M78ULC,ORTUSTECH,4.3,LCD,480x800,300,MIPI
LH400WS1-SJ03,LG Display,4.0,LCD,640x1136,580,MIPI
LH400WS1-SJ13,LG Display,4.0,Assembly,640x1136,460,MIPI
VVF07H119A90,Panasonic,7.0,CELL,800x1280,0,MIPI
PG047IC-01B,Innolux,4.7,CELL,720x1280,0,MIPI
PG045IC-01D,Innolux,4.5,CELL,720x1280,0,MIPI
TM050JDSP02,Tianma,5.0,LCD,720x1280,420,MIPI
BTL507212-W742L,BOE,5.0,LCD,720x1280,450,MIPI
X546DLT01,AUO,5.5,OLED,1080x1920,300,MIPI
LH550WF2-SD01,LG Display,5.5,LCD,1080x1920,450,MIPI
LH550WF2-SD03,LG Display,5.5,LCD,1080x1920,460,MIPI
AMS477GV11,Samsung,4.8,Assembly,720x1280,300,MIPI
AMS465GS47,Samsung,4.7,OLED,720x1280,300,MIPI
AMS465GS51,Samsung,4.7,OLED,720x1280,300,MIPI
AMS465GS52,Samsung,4.7,OLED,720x1280,300,MIPI
TFTMD053056,JDI,5.2,LCD,720x1280,,MIPI
LS047T1SC01K,SHARP,4.7,LCD,1080x1920,470,MIPI
TM057JDHP04,Tianma,5.7,LCD,720x1280,450,MIPI
TPT0501002P,JDI,5.0,Assembly,720x1280,450,MIPI
BP080WU1-100,BOE,8.0,LCD,1200x1920,450,MIPI
TM045YDH06,Tianma,4.5,LCD,480x854,400,MIPI
TM046XDHP01,Tianma,4.7,LCD,540x960,350,MIPI
TM047XDHP04,Tianma,4.7,LCD,540x960,450,MIPI
TM047XDZP02,Tianma,4.7,LCD,540x960,400,MIPI
TM055XDHP02,Tianma,5.5,LCD,540x960,420,MIPI
TM055YDH02,Tianma,5.5,LCD,480x854,400,MIPI
TM060JDHP03,Tianma,6.0,LCD,720x1280,430,MIPI
TM060JDWP05,Tianma,6.0,LCD,720x1280,450,MIPI
LS050T1SX06,SHARP,5.0,LCD,1080x1920,480,MIPI
VVX10F002B00,Panasonic,10.1,LCD,1920x1200,,MIPI
LH164Q02-SD06,LG Display,1.7,LCD,280x280,400,MIPI
LD060WX1-SMN1,LG Display,6.0,LCD,800x1280,490,MIPI
BP080WX7-101,BOE,8.0,CELL,800x1280,0,MIPI
TL050JVXP04-00,Tianma,5.0,Assembly,720x1280,500,MIPI
TL050JVXP01-00,Tianma,5.0,LCD,720x1280,420,MIPI
TL050JDXP03-00,Tianma,5.0,LCD,720x1280,420,MIPI
TL049JDXP03,Tianma,5.0,LCD,720x1280,450,MIPI
TL049JDXP02,Tianma,5.0,LCD,720x1280,500,MIPI
TPF0501008P,JDI,5.0,CELL,720x1280,0,MIPI
TM026NDH01,Tianma,2.6,LCD,480x320,300,MIPI
TM035PDH56,Tianma,3.5,LCD,320x480,350,MIPI
TM053JDHP01,Tianma,5.3,LCD,720x1280,400,MIPI
TPM0551002P,JDI,5.5,LCD,1080x1920,430,MIPI
LH600WF2-SD01,LG Display,6.0,Assembly,1080x1920,450,MIPI
LH165Q01-SD01,LG Display,1.7,LCD,280x280,400,MIPI
TM045YDW76,Tianma,4.5,LCD,480x854,290,MIPI
BP080WX7-200,BOE,8.0,CELL,800x1280,0,MIPI
N070ICP-G01 (BL),Innolux,7.0,Assembly,800x1280,380,MIPI
TL060JDXP01-00,Tianma,6.0,LCD,720x1280,500,MIPI
LH520WF1-SD0A,LG Display,5.2,Assembly,1080x1920,460,MIPI
ACX465AKM-7,JDI,5.9,LCD,1080x1920,400,MIPI
BF050WVM-500,BOE,5.0,LCD,480x800,450,MIPI
TPM0501008N,JDI,5.0,LCD,1080x1920,450,MIPI
TM050JDHP08,Tianma,5.0,LCD,720x1280,450,MIPI
LQ055T1SX05,SHARP,5.5,LCD,1080x1920,450,MIPI
LH400WV6-SD01,LG Display,4.0,LCD,480x800,450,MIPI
TPM0501001P,JDI,5.0,LCD,720x1280,400,MIPI
LS050T1SX10,SHARP,5.0,LCD,1080x1920,400,MIPI
TL055VDXP31,Tianma,5.5,LCD,1080x1920,350,MIPI
BTL505496-W692L,BOE,5.0,LCD,540x960,350,MIPI
LQ055T3SX02(G),SHARP,5.5,LCD,1080x1920,450,MIPI
LS043K1SX01,SHARP,4.3,LCD,720x1280,435,MIPI
P080DCE-3F0,Innolux,8.0,CELL,800x1280,0,MIPI
LPM089A001A,JDI,8.9,LCD,2560x1600,500,MIPI
LAM047Y432A,JDI,4.7,LCD,720x1280,500,MIPI
LS052T3SX04G,SHARP,5.2,LCD,1080x1920,500,MIPI
PJ055IA-03B,Innolux,5.5,LCD,720x1280,400,MIPI
LSL080AL02-201,Samsung,8.0,CELL,800x1280,0,MIPI
PJ055IC-02M,Innolux,5.5,LCD,1080x1920,500,MIPI
E559FMM1,EDO,5.6,OLED,1080x1920,310,MIPI
E1392AM1.A,EDO,1.39,OLED,00x400,300,MIPI
E595HAA1,EDO,6.0,OLED,720x1280,250,MIPI
E555HAA1,EDO,5.5,OLED,720x1280,250,MIPI
E499HAA1,EDO,5.0,OLED,720x1280,250,MIPI
AMS499QP42-0,Samsung,5.0,Assembly,1080x1920,300,MIPI
SDC 1.63 320x320,Samsung,1.63,OLED,320x320,300,MIPI
PJ061IC-01A,Innolux,6.1,LCD,720x1280,500,MIPI
TF080WX001A0,Other,8.0,LCD,800x1280,300,MIPI
TF080WX002A0,Other,8.0,LCD,800x1280,300,MIPI
TF080WX003A0,Other,8.0,LCD,800x1280,300,MIPI
TF080WX004A0,Other,8.0,LCD,800x1280,300,MIPI
TF080WX006A0,Other,8.0,LCD,800x1280,220,MIPI
TF080WX007A0,Other,8.0,LCD,800x1280,220,MIPI
LH550QH1-SD02,LG Display,5.5,Assembly,1440x2560,400,MIPI
LS053K3SX01,SHARP,5.3,LCD,720x1280,450,MIPI
LS055T3SX01(G),SHARP,5.5,LCD,1080x1920,500,MIPI
LS026Q4UX01,SHARP,2.6,LCD,320x240,300,MIPI
E499HAM1,EDO,5.0,OLED,720x1280,310,MIPI
ACX454BLN-7,JDI,5.0,LCD,1080x1920,450,MIPI
P089DCA-AF1 Rev.C1,Innolux,8.9,LCD,800x1280,400,MIPI
PJ050IA-14A,Innolux,5.0,LCD,720x1280,350,MIPI
X546DLB01.0,AUO,5.5,OLED,1080x1920,300,MIPI
TL050VDXP08,Tianma,5.0,LCD,1080x1920,450,MIPI
Innolux 1.3 Circular,Innolux,1.3,LCD,360x360,500,MIPI
TM050JDSP06,Tianma,5.0,LCD,720x1280,450,MIPI
BTL507212-W747L,BOE,5.0,LCD,720x1280,420,MIPI
H546TAN01.4,AUO,5.5,CELL,720x1280,0,MIPI
P101LHA-AA2,Innolux,10.1,LCD,1920x1200,350,MIPI
H430VVN04.0,AUO,4.3,LCD,480x800,360,MIPI
HSD060BMW1-D00,HannStar,6.0,CELL,540x5960,0,MIPI
H546TAN01.0,AUO,5.5,LCD,720x1280,440,MIPI
LPM055A192A,JDI,5.5,LCD,1536x2560,450,MIPI
H500TLB01.0,AUO,5.0,OLED,720x1280,250,MIPI
LTL075PL01-005,Samsung,7.5,LCD,1050x1400,400,MIPI
LPM055A184A,JDI,5.5,LCD,1440x2560,500,MIPI
TM055JDWP37,Tianma,5.5,LCD,768x1280,450,MIPI
LPM057A252D,JDI,5.7,Assembly,1440x2560,450,MIPI
LPM057A168A,JDI,5.7,LCD,1080x1920,450,MIPI
LH550WF4-SJ11,LG Display,5.5,Assembly,1080x1920,,MIPI
LQ079L1SX09,SHARP,7.9,LCD,1536x2048,450,MIPI
TM055XDHP10,Tianma,5.5,LCD,540x960,350,MIPI
TM055JDSP11,Tianma,5.5,LCD,720x1280,370,MIPI
BP070WX6-400,BOE,7.0,CELL,800x1280,,MIPI
TL055VDXC01,Tianma,5.5,LCD,1080x1920,450,MIPI
HSD060BMW1-A00,HannStar,6.0,CELL,540x5960,0,MIPI
PD050SA-02C,Innolux,5.0,Assembly,720x1280,450,MIPI
PJ048IA-01C,Innolux,4.8,LCD,540x960,400,MIPI
H140QVN01.x,AUO,1.4,LCD,320x290,350,MIPI
BP101WX7-210,BOE,10.1,CELL,1280x800,0,MIPI
TL050VDXP03,Tianma,5.0,LCD,1080x1920,500,MIPI
TV080WUB-NW0-3900,BOE,8.0,CELL,1200x1920,0,MIPI
TV079X0B-NA0,BOE,7.9,CELL,768x1024,0,MIPI
LS052T3SX05,SHARP,5.2,Assembly,1080x1920,500,MIPI
LS050T3SX01,SHARP,5.0,Assembly,1080x1920,480,MIPI
LS050T3SX08,SHARP,5.0,Assembly,1080x1920,460,MIPI
TM055JDHP71,Tianma,5.5,LCD,720x1280,450,MIPI
N080ICE-GB0 Rev.C2,Innolux,8.0,LCD,800x1280,400,MIPI
LS045K3SX03,SHARP,4.5,LCD,720x1280,385,MIPI
BT055FWM-N00,BOE,5.5,LCD,480x854,300,MIPI
BV045WVM-N00,BOE,4.5,LCD,480x800,400,MIPI
LD123UX1-SMA1,LG Display,12.3,LCD,1600x1200,360,MIPI
H598QAN01.0,AUO,6.0,CELL,1440x2560,0,MIPI
TM060JDZG01,Tianma,6.0,LCD,800x1280,380,MIPI
B101UAN07.2,AUO,10.1,LCD,1200x1920,400,MIPI
TM057JDHP04-30,Tianma,5.7,LCD,720x1280,450,MIPI
N101ICE-G63,Innolux,10.1,LCD,1280x800,350,MIPI
AMS497DX12-0,Samsung,5.0,OLED,720x1280,350,MIPI
B101EAN02.1 CELL,AUO,10.1,CELL,800x1280,0,MIPI
PJ060IC-04A,Innolux,6.0,LCD,1440x2560,400,MIPI
BS050FHE-E40-6Q00,BOE,5.0,CELL,1080x1920,0,MIPI
E555HBQ2,EDO,5.5,OLED,20x1280,300,MIPI
B101UAN07.3 HW0A,AUO,10.1,LCD,1200x1920,400,MIPI
LTL097XL04-001,Samsung,9.7,LCD,768x1024,490,MIPI
AMS520BQ12-0,Samsung,5.2,Assembly,1080x1920,350,MIPI
B079XAN02.0 CELL,AUO,7.9,CELL,768x1024,0,MIPI
B101EAN02.5 CELL,AUO,10.1,CELL,800x1280,0,MIPI
LM055LF1L01,PANDA,5.5,LCD,1080x1920,450,MIPI
T5060H3G,BOE,5.0,Assembly,720x1280,360,MIPI
TV101WUM-AD0,BOE,10.1,LCD,1920x1200,280,MIPI
B070AAN01.0,AUO,7.0,CELL,600x1024,0,MIPI
AMS429QC14,Samsung,4.3,OLED,540x5960,300,MIPI
TM050JVHS10-02,Tianma,5.0,Assembly,720x1280,450,MIPI
B080EAN03.1,AUO,8.0,LCD,800x1280,400,MIPI
B080QAN03.1,AUO,7.9,LCD,1536x2048,485,MIPI
LH550WF2-SD02,LG Display,5.5,LCD,1080x1920,,MIPI
B070ATN02.0 CELL,AUO,7.0,CELL,600x1024,0,MIPI
B101EAN01.7 CELL,AUO,10.1,CELL,1280x800,0,MIPI
BTL435496-W563L,BOE,4.3,LCD,540x960,350,MIPI
X139BLB01.0,AUO,1.39,OLED,00x400,350,MIPI
LQ055T3SX02Z(G),SHARP,5.5,LCD,1080x1920,450,MIPI
TPM0551001P,JDI,5.5,LCD,720x1280,430,MIPI
TPM0521004P,JDI,5.2,LCD,1080x1920,450,MIPI
BT043WVMM002,BOE,4.3,LCD,480x800,410,MIPI
BS055FHM-E00,BOE,5.5,Assembly,1080x1920,480,MIPI
AV070WXM-NW0,BOE,7.0,LCD,800x1280,530,MIPI
LPM050A229A,JDI,5.0,LCD,720x1280,500,MIPI
P079ZCZ-3Z2,Innolux,7.9,CELL,768x1024,0,MIPI
LC055LF1L01,PANDA,5.5,CELL,1080x1920,0,MIPI
LS055T1SX09,SHARP,5.5,LCD,1080x1920,450,MIPI
LH500WX1-SH01,LG Display,5.0,CELL,720x1280,0,MIPI
E549MM1,EDO,5.5,OLED,1080x1920,300,MIPI
LD070WX7-SMN3,LG Display,7.0,LCD,800x1280,350,MIPI
LS025B1SX01,SHARP,2.5,LCD,640x640,465,MIPI
H546DAN07.1,AUO,5.5,LCD,1080x1920,450,MIPI
TM050JDHN08,Tianma,5.0,Assembly,720x1280,400,MIPI
TL055VDXP43,Tianma,5.5,LCD,1080x1920,450,MIPI
TA055JVHM02,Tianma,5.5,Assembly,720x1280,350,MIPI
CLAN057WA21 1XE,CPT,5.7,CELL,720x1280,0,MIPI
AMS429QC08,Samsung,4.3,OLED,540x5960,300,MIPI
N070ICE-G02 Rev.A2,Innolux,7.0,LCD,800x1280,,MIPI
AMS497DX18,Samsung,5.0,Assembly,720x1280,,MIPI
AMS497DX19,Samsung,5.0,Assembly,720x1280,,MIPI
E549FMK1,EDO,5.5,OLED,1080x1920,350,MIPI
E549FMK3.C,EDO,5.5,OLED,1080x1920,350,MIPI
E1392AM1.B,EDO,1.39,OLED,400x400,300,MIPI
E499HAK3,EDO,5.0,OLED,720x1280,365,MIPI
BTL507212-W746L,BOE,5.0,LCD,720x1280,,MIPI
BTL507212-W749L,BOE,5.0,LCD,720x1280,,MIPI
H497TLB01.0 CELL,AUO,5.0,OLED,720x1280,350,MIPI
H546DAN03.6,AUO,5.5,LCD,1080x1920,450,MIPI
H546UAN01.0,AUO,5.5,LCD,2160x3840,500,MIPI
TL055BDXP02,Tianma,5.5,LCD,1440x2560,,MIPI
BTL454885-W698L,BOE,4.5,LCD,480x854,350,MIPI
LS245QW01,SHARP,2.5,LCD,240x432,500,MIPI
TL101ADXP01,Tianma,10.1,LCD,2560x1600,430,MIPI
TL089QDXP01,Tianma,8.9,LCD,1536x2048,430,MIPI
H546DAN03.1,AUO,5.5,LCD,1080x1920,450,MIPI
H546DAN03.4,AUO,5.5,LCD,1080x1920,450,MIPI
P079ZCZ-3Z3,Innolux,7.9,CELL,768x1024,0,MIPI
P080LDN-DB3,Innolux,8.0,Assembly,1200x1920,290,MIPI
P080LDN-DB4,Innolux,8.0,Assembly,1200x1920,290,MIPI
LS032B3LX01,SHARP,3.2,LCD,640x360,350,MIPI
LD050LF1L01,PANDA,5.0,CELL,1080x1920,0,MIPI
TM050JDHP07,Tianma,5.0,LCD,720x1280,500,MIPI
BB050HDG-T40,BOE,5.0,OLED,720x1280,350,MIPI
LQ079L1SX02F,SHARP,7.9,LCD,1536x2048,450,MIPI
TM080VDSP01,Tianma,8.0,LCD,1200x1920,390,MIPI
LS050T1SX03,SHARP,5.0,Assembly,1080x1920,450,MIPI
TPF0842001N,JDI,8.4,CELL,1600x2560,0,MIPI
LPP055A384B,JDI,5.5,CELL,1080x1920,0,MIPI
AMS549HE25,Samsung,5.5,Assembly,1080x1920,,MIPI
AMS480CZ01-0,Samsung,4.8,Assembly,720x1280,350,MIPI
AMS568AT41-0,Samsung,5.7,Assembly,1080x1920,,MIPI
B080EAK02.0,AUO,8.0,CELL,1200x1920,0,MIPI
X546DAN16,AUO,5.5,CELL,1080x1920,0,MIPI
H497DAX01.1,AUO,5.0,LCD,1080x1920,500,MIPI
H466TAN02.2,AUO,4.7,CELL,720x1280,,MIPI
TM043YDZA02,Tianma,4.3,LCD,480x800,380,MIPI
TM047XDZP01,Tianma,4.7,LCD,540x960,300,MIPI
P080LDE-DF1,Innolux,8.0,Assembly,1200x1920,380,MIPI
ACX445BLN-7,SONY,4.8,LCD,720x1280,,MIPI
BF055FHM-E00,BOE,5.5,LCD,1080x1920,,MIPI
H572TAN01.1,AUO,5.7,CELL,720x1280,0,MIPI
TM060JVZG01,Tianma,6.0,LCD,800x1280,350,MIPI
TL052VDXP02,Tianma,5.2,LCD,1080x1920,500,MIPI
HSD070BMW1-A00,HannStar,7.0,CELL,540x5960,0,MIPI
TM101VDSP01,Tianma,10.1,LCD,1200x1920,400,MIPI
LX055A1BA01,SHARP,5.5,CELL,1080x1920,0,MIPI
LS052R1SX02,SHARP,5.2,Assembly,1440x2560,500,MIPI
A026EAN01.0,AUO,2.6,LCD,800x1280,200,MIPI
P101KDZ-3Z1,Innolux,10.1,CELL,1200x1920,0,MIPI
TPM0521002P,JDI,5.2,LCD,1080x1920,450,MIPI
TFTMD084036,JDI,8.4,CELL,1600x2560,0,MIPI
H520DAN01.2,AUO,5.2,CELL,1080x1920,0,MIPI
LQ050T1SX02 CELL,SHARP,5.0,CELL,1080x1920,0,MIPI
LD055LF2L02,PANDA,5.5,CELL,1080x1920,0,MIPI
BS052FHE-N30,BOE,5.2,CELL,1080x1920,0,MIPI
TM050XDHP05,Tianma,5.0,LCD,540x960,400,MIPI
TL050JDXP17,Tianma,5.0,LCD,720x1280,450,MIPI
BTL605496-W735L,BOE,6.0,LCD,540x960,400,MIPI
P101KDZ-3Z2,Innolux,10.1,CELL,1200x1920,0,MIPI
TFTMD053062,JDI,5.3,CELL,720x1280,0,MIPI
LTL090CL01-002,Samsung,9.0,LCD,1920x1280,,MIPI
LH430WV1-SD07,LG Display,4.3,LCD,480x800,450,MIPI
B101XAN02.1,AUO,10.1,LCD,1366x768,250,MIPI
B080UAN02.0 CELL,AUO,8.0,CELL,1200x1920,0,MIPI
TL055VDXP34,Tianma,5.5,LCD,1080x1920,450,MIPI
LD055LF1L01,PANDA,5.5,CELL,1080x1920,0,MIPI
B080QAN03.2,AUO,7.9,CELL,1536x2048,0,MIPI
E1417AD5.B,EDO,1.4,OLED,320x3360,350,MIPI
LS050T1SX19,SHARP,5.0,LCD,1080x1920,480,MIPI
LS052T1SX02,SHARP,5.2,LCD,1080x1920,600,MIPI
PG052IC-01N,Innolux,5.2,CELL,1080x1920,0,MIPI
H546DAN07.5,AUO,5.5,LCD,1080x1920,450,MIPI
LPM055A358A,JDI,5.5,CELL,1440x2560,0,MIPI
H347QVN01.1,AUO,3.5,LCD,320x480,300,MIPI
E549FMK1.C,EDO,5.5,OLED,1080x1920,350,MIPI
BV050HDM-A00-380W,BOE,5.0,Assembly,720x1280,450,MIPI
H466TAN01.0 CELL,AUO,4.7,CELL,720x1280,0,MIPI
VS035ZSM-NH0-69P0,BOE,3.5,LCD,1440x1600,1100,MIPI
P101KDA-AF0,Innolux,10.1,LCD,1200x1920,400,MIPI
CLAP129UA01 XG,CPT,12.9,CELL,1200x1600,0,MIPI
BB055FHM-T00-6P01,BOE,5.5,OLED,1080x1920,350,MIPI
LD070WX7-SMN4,LG Display,7.0,LCD,800x1280,350,MIPI
B080QAN03.4 CELL,AUO,7.9,CELL,1536x2048,0,MIPI
VVX10F034N90,Panasonic,10.1,LCD,1920x1200,400,MIPI
CLAC070WQ41,CPT,7.0,CELL,800x1280,0,MIPI
TV101WXB-NW0,BOE,10.1,CELL,1280x800,0,MIPI
LS055T1SX01A,SHARP,5.5,LCD,1080x1920,500,MIPI
LS060R1SX06,SHARP,6.0,LCD,1440x2560,450,MIPI
H546DLK01.0 CELL,AUO,5.5,OLED,1080x1920,350,MIPI
PH050IA-04J,Innolux,5.0,CELL,720x1280,0,MIPI
LS055R1SC01,SHARP,5.5,LCD,1440x2560,480,MIPI
LPM055A254A,JDI,5.5,LCD,1440x2560,450,MIPI
CLAN101FQ03 XG,CPT,10.1,CELL,1200x1920,0,MIPI
H499TAX01.0,AUO,5.0,LCD,720x1280,380,MIPI
LTL097XL04-201,Samsung,9.7,LCD,768x1024,490,MIPI
COM35H3N82ULC,ORTUSTECH,3.5,LCD,480x640,900,MIPI
TL055VVXG31,Tianma,5.5,LCD,1080x1920,400,MIPI
TL060VDXP01-01,Tianma,6.0,LCD,1080x1920,450,MIPI
TV070WXM-AU0,BOE,7.0,LCD,800x1280,350,MIPI
CM520F1-001,CSOT,5.2,CELL,1080x1920,0,MIPI
B101EAN02.0 CELL,AUO,10.1,CELL,800x1280,0,MIPI
LS063R1SX02,SHARP,6.3,Assembly,1440x2560,500,MIPI
BS052FHM-A00-6C01,BOE,5.2,Assembly,1080x1920,420,MIPI
B080EAN04.2 CELL,AUO,8.0,CELL,800x1280,0,MIPI
H470EAN01.0,AUO,4.7,CELL,750x1334,0,MIPI
BP070WX3-300,BOE,7.0,CELL,800x1280,0,MIPI
TV080WXM-NL3,BOE,8.0,LCD,800x1280,350,MIPI
TV080WXM-TW0,BOE,8.0,Assembly,800x1280,300,MIPI
BB050HDM-T01-6D00,BOE,5.0,OLED,720x1280,350,MIPI
BV055HDM-L02-1K00,BOE,5.5,LCD,720x1280,480,MIPI
AMS549KU08-0,Samsung,5.5,OLED,1080x1920,380,MIPI
TV101WXM-TW0,BOE,10.1,LCD,800x1280,300,MIPI
BS055FHM-E40-6C01,BOE,5.5,CELL,1080x1920,0,MIPI
LS049K3SX01,SHARP,4.9,LCD,720x1280,,MIPI
TM046XDHP02,Tianma,4.7,LCD,540x960,500,MIPI
A050EAT01.0,AUO,5.0,LCD,1280x720,800,MIPI
AMS499KP07-0,Samsung,5.0,,1920x1080,390,MIPI
X120BLN01,AUO,1.2,OLED,390x3390,350,MIPI
LPP055A384A,JDI,5.5,CELL,1080x1920,0,MIPI
TL055VVXP02,Tianma,5.5,LCD,1080x1920,400,MIPI
TM055JDSP09,Tianma,5.5,LCD,720x1280,450,MIPI
LPM055A351A,JDI,5.5,CELL,1080x1920,0,MIPI
LS057T3SX03,SHARP,5.7,LCD,1080x1920,550,MIPI
B079XAT02.1,AUO,7.9,Assembly,768x1024,250,MIPI
H546DAN01.6,AUO,5.5,LCD,1080x1920,450,MIPI
H160HVN01.1,AUO,1.6,LCD,220x176,700,MIPI
CLAA060WA42,CPT,6.0,LCD,720x1280,450,MIPI
TM097QDSP01,Tianma,9.7,LCD,1536x2048,460,MIPI
TPC0501001N,JDI,5.0,CELL,720x1280,0,MIPI
HSD060BMW1-C00,HannStar,6.0,CELL,540x5960,0,MIPI
AMS840CS03,Samsung,8.4,OLED,1600x2560,300,MIPI
AMSA05BV07,Samsung,10.5,LCD,2560x1600,300,MIPI
BB050HDG-TC1,BOE,5.0,OLED,720x1280,,MIPI
LPP055A405A,JDI,5.5,CELL,1080x1920,0,MIPI
HJ050NA-06A,Innolux,5.0,LCD,640x960,320,LVDS/MIP
HV101WU1-1E1,HYDIS,10.1,LCD,1920x1200,700,LVDS/MIP
HV101WU1-1E3,HYDIS,10.1,LCD,1920x1200,700,LVDS/MIP
LS043T1LX01,SHARP,4.3,LCD,540x960,500,MDDI/MIP
H429AL01 V0,AUO,4.3,LCD,540x960,500,MDDI /MIP
LS043T1LE01,SHARP,4.3,LCD,540x960,450,MDDI/MIP
LT040MDT9000,TOSHIBA,4.0,LCD,480x854,390,MDDI /MIP
LQ043T1LX01A,SHARP,4.3,LCD,540x960,500,MDDI/MIP
LQ040Y1SG01,SHARP,4.0,LCD,480x800,550,MDDI /MIP
LS043T1LE02,SHARP,4.3,LCD,540x960,550,MDDI/MIP
H320QN01 V2,AUO,3.2,LCD,320x480,400,MDDI/MIP
HVT31HV1-D00,HYDIS,3.1,CELL,320x480,0,MDDI/MIP
PJ040IA-02B,Innolux,4.0,LCD,480x800,450,MDDI/MIP
H347QAN01.0,AUO,3.5,LCD,320x480,380,MDDI/MIP
TFT540960-1-E,Other,4.3,LCD,540x960,,MDDI/MIP
TM047XDHP01,Tianma,4.7,LCD,540x960,400,MDDI/MIP
BTL404880-W557LP,BOE,4.0,LCD,480x800,350,MDDI/MIP
H429AL01 V1,AUO,4.3,LCD,540x960,500,MDDI/MIP
H429AAN01,AUO,4.3,CELL,540x960,0,MDDI/MIP
H429AL01,AUO,4.3,CELL,540x960,0,MDDI/MIP
TM043XDHP01,Tianma,4.3,LCD,540x960,350,MDDI/MIP
M499HBU1,EDO,5.0,OLED,720x1280,350,MIPI/RGB
M595HBU1,EDO,6.0,OLED,720x1280,350,MIPI/RGB
G499HBT1.B,EDO,5.0,OLED,720x1280,300,MIPI/RGB
H430VAN02.0,AUO,4.3,CELL,480x4854,0,MIPI/RGB